{
    "foreground_intensity_properties_per_channel": {
        "0": {
            "max": 255.0,
            "mean": 164.02200317382812,
            "median": 166.0,
            "min": 26.0,
            "percentile_00_5": 84.0,
            "percentile_99_5": 231.0,
            "std": 29.98629379272461
        },
        "1": {
            "max": 249.0,
            "mean": 143.4549560546875,
            "median": 144.0,
            "min": 47.0,
            "percentile_00_5": 73.0,
            "percentile_99_5": 214.0,
            "std": 29.039108276367188
        },
        "2": {
            "max": 255.0,
            "mean": 181.33319091796875,
            "median": 182.0,
            "min": 89.0,
            "percentile_00_5": 125.0,
            "percentile_99_5": 232.0,
            "std": 21.193681716918945
        }
    },
    "median_relative_size_after_cropping": 1.0,
    "shapes_after_crop": [
        [
            1,
            512,
            512
        ],
        [
            1,
            512,
            512
        ],
        [
            1,
            512,
            512
        ],
        [
            1,
            512,
            512
        ],
        [
            1,
            512,
            512
        ],
        [
            1,
            512,
            512
        ],
        [
            1,
            512,
            512
        ],
        [
            1,
            512,
            512
        ],
        [
            1,
            512,
            512
        ],
        [
            1,
            512,
            512
        ],
        [
            1,
            512,
            512
        ],
        [
            1,
            512,
            512
        ],
        [
            1,
            512,
            512
        ],
        [
            1,
            512,
            512
        ],
        [
            1,
            512,
            512
        ],
        [
            1,
            512,
            512
        ],
        [
            1,
            512,
            512
        ],
        [
            1,
            512,
            512
        ],
        [
            1,
            512,
            512
        ],
        [
            1,
            512,
            512
        ],
        [
            1,
            512,
            512
        ],
        [
            1,
            512,
            512
        ],
        [
            1,
            512,
            512
        ],
        [
            1,
            512,
            512
        ],
        [
            1,
            512,
            512
        ],
        [
            1,
            512,
            512
        ],
        [
            1,
            512,
            512
        ],
        [
            1,
            512,
            512
        ],
        [
            1,
            512,
            512
        ],
        [
            1,
            512,
            512
        ],
        [
            1,
            512,
            512
        ],
        [
            1,
            512,
            512
        ],
        [
            1,
            512,
            512
        ],
        [
            1,
            512,
            512
        ],
        [
            1,
            512,
            512
        ]
    ],
    "spacings": [
        [
            999,
            1,
            1
        ],
        [
            999,
            1,
            1
        ],
        [
            999,
            1,
            1
        ],
        [
            999,
            1,
            1
        ],
        [
            999,
            1,
            1
        ],
        [
            999,
            1,
            1
        ],
        [
            999,
            1,
            1
        ],
        [
            999,
            1,
            1
        ],
        [
            999,
            1,
            1
        ],
        [
            999,
            1,
            1
        ],
        [
            999,
            1,
            1
        ],
        [
            999,
            1,
            1
        ],
        [
            999,
            1,
            1
        ],
        [
            999,
            1,
            1
        ],
        [
            999,
            1,
            1
        ],
        [
            999,
            1,
            1
        ],
        [
            999,
            1,
            1
        ],
        [
            999,
            1,
            1
        ],
        [
            999,
            1,
            1
        ],
        [
            999,
            1,
            1
        ],
        [
            999,
            1,
            1
        ],
        [
            999,
            1,
            1
        ],
        [
            999,
            1,
            1
        ],
        [
            999,
            1,
            1
        ],
        [
            999,
            1,
            1
        ],
        [
            999,
            1,
            1
        ],
        [
            999,
            1,
            1
        ],
        [
            999,
            1,
            1
        ],
        [
            999,
            1,
            1
        ],
        [
            999,
            1,
            1
        ],
        [
            999,
            1,
            1
        ],
        [
            999,
            1,
            1
        ],
        [
            999,
            1,
            1
        ],
        [
            999,
            1,
            1
        ],
        [
            999,
            1,
            1
        ]
    ]
}